id,title,activity_name,disciplines,focus,organization,safety,duration_minutes,drill_ids
cc6aa540-ac7b-41be-a324-01e51835de30,Week 1: Building Arms & Mechanics,The Arm Factory (Level 1),{Fielding},Proprioception; arm mechanics; weight transfer; controlled power; target angles; release point variations; situational context; body awareness; kinetic chain flow; smooth control; feedback and partner communication.,"Structured groups; wait for coach signal and all clear. Rotate through mechanics groove, distance progression and target challenge.",Wait for 'all clear' before throwing.; Throw only in designated lanes.; Clear ball return area.; Warm up properly (focusing on shoulder mobility).; Maintain controlled power.; Inspect all equipment.,,"{4feff020-5d61-4d4b-9a43-4c62ab6e97b6,ba28ad51-5b22-48a5-b40a-849384dd6425,7ead2382-e6de-42a8-93ba-9cd9607235d2}"
2004a59b-d7d7-4db1-96a1-52ff9b2daebe,Week 2: Line & Length Control,The Bowling Zone,{Bowling},Repeatable action; run-up rhythm; balanced release; line and length assessment; tactical targeting; consistent release point; body awareness; feedback and peer support.,"Structured groups; wait for coach signal and all clear. Rotate through target-focus net lanes, line/length targets and precision grid scoring.",Wait for 'all clear' in lane.; Clear ball return area in net before next ball.; Warm up properly.; Inspect all equipment.; Use correct indoor footwear.,,"{0d283c72-6b18-4f94-b484-9cbf486ebf0e,0136ff09-e414-40e8-9de2-21a30f49dd8b,7cbb23ca-d4b8-46e7-8ca3-c717cc9ed568}"
f057cf00-3a51-4d35-93bd-7d0609ab7161,Week 3: Pace and Variation,The Bowling Zone,{Bowling},Rhythmic balanced run-up; controlled arm speed; body coiling; repeatable core action; selecting and timing variations; grip comparison; hand sensitivity; rhythm changes; ball rotation; coach and partner feedback.,"Structured groups rotating through release consistency, grip/rhythm practice and full-action variation challenge. Award a 5-point bonus for a declared variation reaching a good-length zone.","Wait for 'all clear' before next ball.; Controlled follow-through is vital to balance full-action delivery.; Inspect all equipment for damage.; Proper footwear required for full-pace run-ups.; Proper warm-up, focus on shoulder mobility.",,"{1e985ee9-4df5-4526-bc1c-80442d691fda,646ac3a0-e108-4a06-a71b-5948a476baa8,139b98d3-ecd3-4b93-9706-31afe28a4d02}"
ce6371b6-bf8b-43a8-a912-bc28eefb7b21,Week 4: The Sweep Shot,The Batters Zone,{Batting},Balanced stance; coiling; repeatable swing path; reading spin; tactical field placement; weight transfer; middle-of-bat contact; coach feedback and peer analysis.,"Rotate through grip/stance form checks, controlled sweeps from ball drops, precision sweep targets and advanced match-scenario variations.","Check all protective gear (helmet, pads, gloves).; Ensure net dividers are secure.; Warm up properly for hips and back.; Clear batting area.; Use correct protective gear.",,"{c2865634-af14-467b-bf6c-cf4a05578356,213b074f-33bf-4e45-8c22-1a9bde7b44ed,98ccbb8b-5686-461f-b7cf-b72adfb11bf8,7a5c411b-03a9-4bd1-8bd0-01cb2800425d}"
8e36a0b4-7ec7-4559-9c94-231e5d0f38f8,Week 5: The Off Drive,The Batters Zone,{Batting},Balanced stance; positive front-foot movement; repeatable swing path; line and length assessment; off-side gaps; front-foot weight transfer; clean contact; coach feedback and peer support.,"Rotate through front-foot shadow/partner checks, weight-transfer tees, precision off-drive targets and gap/field scenarios.","Check all protective gear (helmet, pads, gloves).; Ensure net dividers are secure.; Warm up properly for hips and back.; Clear batting area.; Use correct protective gear.",,"{5b87c54b-6d2d-45f7-91e3-947e66397b99,96a0c5a2-c3a2-409a-b751-cd088529aec6,69f6e116-705a-4e40-afa3-5917b23c6b76,ab0ab75f-7f9c-4555-9ee3-9750e59fc8e6}"
b23a4bb8-010e-4f12-b6af-edc8189b6ce1,Week 6: Fielding Intensity,The Fielders Zone,{Fielding},Aggressive approach; quick feet; powerful release; repeatable action; target identification; throw selection; situational awareness; hand sensitivity; relay communication and peer support.,Four stations: quick hands pickup and set; direct-hit bullseye throws; precision relay race; scenario play under pressure.,Ensure net dividers are secure.; Warm up properly for hips and back.; Use correct protective gear.,,"{7fae7055-fcfb-40a0-9b37-a11a00cd9d9c,6a7ff186-836c-4563-bedd-10e1bd58c442,8a8b8596-0fca-4df9-8723-3cb80325f982,bbc77135-df70-4b6b-b08c-607fa7d979ab}"
d4813223-2fa6-4c59-a10c-0adf4f34a535,Week 7: Skill Integration - Grooving,Skill Integration Zone,"{Batting,Fielding,Keeping}",Coordinated transitions; explosive multidirectional movement; linked skills; sequence planning; anticipation; skill selection; body control; contact feel; relay timing and multiplayer coordination.,Four stations: batting-to-sprint transition; ground pickup-to-throw on the move; post-throw recovery or repositioning; multiplayer boundary relay chain. Rotate all players.,Check for clear pathways between complex areas.; Maintain awareness of other drills in close proximity.; Inspect all equipment for damage.; Warm up properly (hips and back).; Use correct protective gear.,,"{1f2927ef-4961-47da-b154-bf02eeebe158,c2a25c2a-cd83-4974-acd7-aa6dc0983f33,a6641101-a8ab-44b1-b98e-a91a3fed14cb,f31f285d-ea0b-4fb2-922d-03e3de9a5f9e}"
70ef614c-0912-4e29-afa3-5a606f53a5a8,Week 8: Skill Integration II,Skill Integration Zone,"{Batting,Bowling,Fielding,Keeping}",Explosiveness from varied starts; reactive agility; immediate response; communication under pressure; dynamic skill selection; glove sensitivity; kinetic chain flow; nonverbal cues and mutual support.,Four stations: hit/call/sprint; bowl/react/attack; relay link connecting stations A and B; integrated pressure scenario. Rotate all players.,Check pathways for clear sprints.; Ensure safe distance between drill areas.; Inspect equipment.; Use correct protective gear.,,"{24bfb058-f79a-4a02-979e-d7081bd201ce,7736cfc9-a73d-4ee4-b53b-db58e764fbb8,fe36dec1-9dfc-4216-a35e-3b76e30a0474,d1ddcb34-f4d2-48f3-a03c-5feff17beafb}"
8e648edb-dd82-4ae3-94a9-fce07af7bc0c,Week 9: Advanced Batting: Strike Rotation & Cut Shot,The Advanced Batting Zone,{Batting},Decisive stride for singles; coiling for cut shot; gap identification; reading the field; single detection; contact feel; controlled loading; non-striker calling and coach feedback.,Three stations: strike rotation groove with gap detection and calling; cut shot mastery using tees and bowling machine; combined decision-and-run scenario. Rotate all players.,Ensure clear batting pathways.; Catcher/bowler protection.; Clear all batting areas of debris.; Check all protective gear.; Warm up back and shoulders.,,"{6d3d6f48-d730-45d9-8dad-d3863c252389,bd801516-a9eb-40ca-8131-80448741d3cb,d0e09746-f3d0-4de8-be2b-e90ce0ac2855}"
1fb69b5d-6c1c-49ab-b30f-894e68a19b78,Week 10: Advanced Fielding & Batting: Close Catching & Backfoot Drive,The Advance Skills Zone,"{Batting,Fielding}",Reflexive close-catching posture; rapid weight transfer; decisive back-foot step; trajectory identification; reading bat edges; line and length recognition; communication with surrounding fielders.,Three stations: close-catching reaction and accuracy; back-foot drive using machine and tee; integrated combined-decision scenario. Rotate all players.,"Check close-fielding pathways, ensure adequate protective gear, clear debris.; Check all protective gear.; Warm up back and shoulders.; JPG",,"{2487004c-fd16-4806-8a39-9fcb83bfb991,023e555b-1497-4acf-a27d-5696ab373a33,e5e392f1-30f5-415a-bd07-82b5e9aaf5e3}"
